Language,Incomplete Code,Syntax Errors,Logical Errors,All Tests Passed,Average Code Length
hi,213,29,11,4,92.5
zh-cn,23,140,47,47,136.8760683760684
en,7,134,63,52,142.356
es,18,147,45,47,144.92887029288704
ja,36,136,50,35,133.59728506787332
ru,19,145,49,44,138.2268907563025
