Language,Incomplete Code,Syntax Errors,Logical Errors,All Tests Passed,Average Code Length
hi,41,144,50,22,126.11574074074075
zh-cn,57,127,43,29,119.615
en,39,128,52,38,125.1559633027523
es,65,123,37,32,128.13020833333334
ja,37,136,54,29,138.71818181818182
ru,32,133,55,37,147.92444444444445
