Language,Incomplete Code,Syntax Errors,Logical Errors,All Tests Passed,Average Code Length
hi,146,74,30,7,57.34234234234234
zh-cn,183,49,9,16,86.82432432432432
en,148,58,17,34,76.78899082568807
es,52,122,40,43,93.06829268292682
ja,38,123,52,44,78.77168949771689
ru,159,51,17,30,63.46938775510204
