Language,Incomplete Code,Syntax Errors,Logical Errors,All Tests Passed,Average Code Length
hi,146,80,22,9,64.23423423423424
zh-cn,187,42,12,16,74.71428571428571
en,138,62,24,33,84.89915966386555
es,34,131,40,52,101.06726457399103
ja,98,100,32,27,78.73584905660377
ru,51,109,51,46,84.30582524271844
