Language,Incomplete Code,Syntax Errors,Logical Errors,All Tests Passed,Average Code Length
hi,0,132,75,50,161.70038910505838
zh-cn,0,135,52,70,148.4785992217899
en,0,133,54,70,185.35408560311285
es,0,138,52,67,212.64591439688715
ja,0,130,61,66,164.45525291828793
ru,1,132,52,72,165.1484375
