Language,Incomplete Code,Syntax Errors,Logical Errors,All Tests Passed,Average Code Length
hi,128,89,31,9,95.13953488372093
zh-cn,25,137,66,29,132.68965517241378
en,21,137,53,46,134.1822033898305
es,23,143,44,47,136.47008547008548
ja,37,130,51,39,131.6681818181818
ru,23,138,57,38,133.13675213675214
