Language,Incomplete Code,Syntax Errors,Logical Errors,All Tests Passed,Average Code Length
hi,8,192,54,3,209.3293172690763
zh-cn,3,176,64,14,238.1771653543307
en,3,165,70,19,243.43700787401573
es,2,176,66,13,244.53725490196078
ja,3,175,68,10,238.96850393700788
ru,2,176,67,12,249.1764705882353
