Language,Incomplete Code,Syntax Errors,Logical Errors,All Tests Passed,Average Code Length
hi,100,104,30,23,268.50955414012736
zh-cn,89,97,35,35,286.9761904761905
es,77,121,31,28,279.4111111111111
ja,78,117,36,25,276.0893854748603
ru,85,104,39,29,255.3139534883721
