Language,Incomplete Code,Syntax Errors,Logical Errors,All Tests Passed,Average Code Length
hi,229,16,11,1,59.92857142857143
zh-cn,209,34,5,9,71.47916666666667
en,212,31,3,11,76.73333333333333
es,206,32,8,11,71.98039215686275
ja,175,55,16,11,72.58536585365853
ru,231,16,3,7,71.84615384615384
