Language,Incomplete Code,Syntax Errors,Logical Errors,All Tests Passed,Average Code Length
hi,214,27,10,6,63.46511627906977
zh-cn,168,52,13,24,74.14606741573034
es,112,75,33,37,82.42758620689655
ja,94,86,40,37,77.079754601227
ru,80,97,39,41,78.71186440677967
