Language,Incomplete Code,Syntax Errors,Logical Errors,All Tests Passed,Average Code Length
hi,197,44,15,1,76.06666666666666
zh-cn,19,140,60,38,102.83193277310924
en,11,135,59,51,110.48373983739837
es,19,138,57,43,105.17226890756302
ja,18,140,58,41,101.52301255230125
ru,20,130,67,39,106.63713080168776
