Language,Incomplete Code,Syntax Errors,Logical Errors,All Tests Passed,Average Code Length
hi,192,53,9,3,73.6
zh-cn,25,141,48,43,124.34913793103448
en,13,143,52,48,128.4016393442623
es,22,146,43,45,122.65106382978723
ja,35,136,53,32,128.71621621621622
ru,24,147,46,38,128.5021459227468
