Language,Incomplete Code,Syntax Errors,Logical Errors,All Tests Passed,Average Code Length
hi,6,135,69,47,344.0199203187251
zh-cn,12,132,59,53,301.57142857142856
en,9,132,57,59,323.53225806451616
es,11,137,52,57,349.239837398374
ja,8,143,54,52,270.5903614457831
ru,7,132,59,59,335.516
