Language,Incomplete Code,Syntax Errors,Logical Errors,All Tests Passed,Average Code Length
hi,47,143,43,23,130.12857142857143
zh-cn,24,145,54,33,131.93991416309012
es,30,147,45,35,141.6431718061674
ja,34,141,48,34,145.26905829596413
ru,27,137,51,41,143.08260869565217
