Language,Incomplete Code,Syntax Errors,Logical Errors,All Tests Passed,Average Code Length
hi,159,50,33,15,153.37755102040816
zh-cn,134,79,26,18,151.0487804878049
en,139,75,23,20,148.27118644067798
es,126,86,22,23,145.06106870229007
ja,85,104,45,23,158.9127906976744
ru,120,76,33,28,134.1094890510949
