Language,Incomplete Code,Syntax Errors,Logical Errors,All Tests Passed,Average Code Length
hi,167,71,16,3,66.52222222222223
zh-cn,206,37,5,9,74.11764705882354
es,204,35,7,11,70.22641509433963
ja,202,37,10,8,78.65454545454546
ru,222,25,4,6,64.05714285714286
