Language,Incomplete Code,Syntax Errors,Logical Errors,All Tests Passed,Average Code Length
hi,0,142,61,54,195.0272373540856
zh-cn,0,132,47,78,207.5214007782101
es,0,133,47,77,211.6070038910506
ja,0,134,50,73,211.06614785992218
ru,0,139,41,77,200.17509727626458
en,0,130,46,81,208.96108949416342
