Language,Incomplete Code,Syntax Errors,Logical Errors,All Tests Passed,Average Code Length
hi,1,134,70,52,174.74609375
zh-cn,0,129,59,69,184.91439688715954
es,0,133,56,68,195.12451361867704
ja,0,129,69,59,190.19844357976655
ru,1,128,60,68,183.07421875
