Language,Incomplete Code,Syntax Errors,Logical Errors,All Tests Passed,Average Code Length
hi,18,158,61,20,129.17991631799163
zh-cn,18,147,51,41,154.2426778242678
en,16,144,54,43,134.90871369294607
es,10,151,57,39,136.66396761133603
ja,9,167,48,32,181.44758064516128
ru,12,154,50,41,151.77142857142857
