Language,Incomplete Code,Syntax Errors,Logical Errors,All Tests Passed,Average Code Length
hi,0,139,60,58,180.1284046692607
zh-cn,0,133,43,81,197.36186770428014
es,1,134,42,80,191.73046875
ja,0,131,53,73,185.62645914396887
ru,0,135,52,70,183.89105058365757
en,0,130,44,83,191.27626459143968
