Language,Incomplete Code,Syntax Errors,Logical Errors,All Tests Passed,Average Code Length
hi,4,181,61,11,118.8498023715415
zh-cn,5,143,63,46,131.94444444444446
en,7,136,51,63,111.668
es,11,146,53,47,124.46341463414635
ja,4,158,55,40,123.29249011857708
ru,2,153,58,44,118.45490196078431
