Language,Incomplete Code,Syntax Errors,Logical Errors,All Tests Passed,Average Code Length
hi,223,26,6,2,55.294117647058826
zh-cn,179,50,11,17,72.1923076923077
en,176,45,18,18,69.4074074074074
es,111,83,30,33,85.8082191780822
ja,64,110,48,35,74.79792746113989
ru,87,101,34,35,72.92941176470588
