Language,Incomplete Code,Syntax Errors,Logical Errors,All Tests Passed,Average Code Length
hi,81,103,46,27,276.4488636363636
zh-cn,58,116,44,39,254.27638190954775
en,70,104,37,46,241.06951871657753
es,81,99,42,35,268.72159090909093
ja,57,115,43,42,238.175
ru,60,112,49,36,264.2233502538071
